driverId,driverRef,number,code,forename,surname,dob,nationality,url
1,hamilton,44,HAM,Lewis,Hamilton,1/7/1985,British,http://en.wikipedia.org/wiki/Lewis_Hamilton
3,rosberg,6,ROS,Nico,Rosberg,6/27/1985,German,http://en.wikipedia.org/wiki/Nico_Rosberg
4,alonso,14,ALO,Fernando,Alonso,7/29/1981,Spanish,http://en.wikipedia.org/wiki/Fernando_Alonso
8,raikkonen,7,RAI,Kimi,Räikkönen,10/17/1979,Finnish,http://en.wikipedia.org/wiki/Kimi_R%C3%A4ikk%C3%B6nen
9,kubica,88,KUB,Robert,Kubica,12/7/1984,Polish,http://en.wikipedia.org/wiki/Robert_Kubica
13,massa,19,MAS,Felipe,Massa,4/25/1981,Brazilian,http://en.wikipedia.org/wiki/Felipe_Massa
16,sutil,99,SUT,Adrian,Sutil,1/11/1983,German,http://en.wikipedia.org/wiki/Adrian_Sutil
18,button,22,BUT,Jenson,Button,1/19/1980,British,http://en.wikipedia.org/wiki/Jenson_Button
20,vettel,5,VET,Sebastian,Vettel,7/3/1987,German,http://en.wikipedia.org/wiki/Sebastian_Vettel
154,grosjean,8,GRO,Romain,Grosjean,4/17/1986,French,http://en.wikipedia.org/wiki/Romain_Grosjean
155,kobayashi,10,KOB,Kamui,Kobayashi,9/13/1986,Japanese,http://en.wikipedia.org/wiki/Kamui_Kobayashi
842,gasly,10,GAS,Pierre,Gasly,2/7/1996,French,http://en.wikipedia.org/wiki/Pierre_Gasly
807,hulkenberg,27,HUL,Nico,Hülkenberg,8/19/1987,German,http://en.wikipedia.org/wiki/Nico_H%C3%BClkenberg
813,maldonado,13,MAL,Pastor,Maldonado,3/9/1985,Venezuelan,http://en.wikipedia.org/wiki/Pastor_Maldonado
815,perez,11,PER,Sergio,Pérez,1/26/1990,Mexican,http://en.wikipedia.org/wiki/Sergio_P%C3%A9rez
817,ricciardo,3,RIC,Daniel,Ricciardo,7/1/1989,Australian,http://en.wikipedia.org/wiki/Daniel_Ricciardo
818,vergne,25,VER,Jean-Éric,Vergne,4/25/1990,French,http://en.wikipedia.org/wiki/Jean-%C3%89ric_Vergne
820,chilton,4,CHI,Max,Chilton,4/21/1991,British,http://en.wikipedia.org/wiki/Max_Chilton
821,gutierrez,21,GUT,Esteban,Gutiérrez,8/5/1991,Mexican,http://en.wikipedia.org/wiki/Esteban_Guti%C3%A9rrez
822,bottas,77,BOT,Valtteri,Bottas,8/28/1989,Finnish,http://en.wikipedia.org/wiki/Valtteri_Bottas
824,jules_bianchi,17,BIA,Jules,Bianchi,8/3/1989,French,http://en.wikipedia.org/wiki/Jules_Bianchi
825,kevin_magnussen,20,MAG,Kevin,Magnussen,10/5/1992,Danish,http://en.wikipedia.org/wiki/Kevin_Magnussen
826,kvyat,26,KVY,Daniil,Kvyat,4/26/1994,Russian,http://en.wikipedia.org/wiki/Daniil_Kvyat
827,lotterer,45,LOT,André,Lotterer,11/19/1981,German,http://en.wikipedia.org/wiki/Andr%C3%A9_Lotterer
828,ericsson,9,ERI,Marcus,Ericsson,9/2/1990,Swedish,http://en.wikipedia.org/wiki/Marcus_Ericsson
829,stevens,28,STE,Will,Stevens,6/28/1991,British,http://en.wikipedia.org/wiki/Will_Stevens
830,max_verstappen,33,VER,Max,Verstappen,9/30/1997,Dutch,http://en.wikipedia.org/wiki/Max_Verstappen
831,nasr,12,NAS,Felipe,Nasr,8/21/1992,Brazilian,http://en.wikipedia.org/wiki/Felipe_Nasr
832,sainz,55,SAI,Carlos,Sainz,9/1/1994,Spanish,http://en.wikipedia.org/wiki/Carlos_Sainz_Jr.
833,merhi,98,MER,Roberto,Merhi,3/22/1991,Spanish,http://en.wikipedia.org/wiki/Roberto_Merhi
834,rossi,53,RSS,Alexander,Rossi,9/25/1991,American,http://en.wikipedia.org/wiki/Alexander_Rossi_%28racing_driver%29
835,jolyon_palmer,30,PAL,Jolyon,Palmer,1/20/1991,British,http://en.wikipedia.org/wiki/Jolyon_Palmer
836,wehrlein,94,WEH,Pascal,Wehrlein,10/18/1994,German,http://en.wikipedia.org/wiki/Pascal_Wehrlein
837,haryanto,88,HAR,Rio,Haryanto,1/22/1993,Indonesian,http://en.wikipedia.org/wiki/Rio_Haryanto
838,vandoorne,2,VAN,Stoffel,Vandoorne,3/26/1992,Belgian,http://en.wikipedia.org/wiki/Stoffel_Vandoorne
839,ocon,31,OCO,Esteban,Ocon,9/17/1996,French,http://en.wikipedia.org/wiki/Esteban_Ocon
840,stroll,18,STR,Lance,Stroll,10/29/1998,Canadian,http://en.wikipedia.org/wiki/Lance_Stroll
841,giovinazzi,99,GIO,Antonio,Giovinazzi,12/14/1993,Italian,http://en.wikipedia.org/wiki/Antonio_Giovinazzi
843,brendon_hartley,28,HAR,Brendon,Hartley,11/10/1989,New Zealander,http://en.wikipedia.org/wiki/Brendon_Hartley
844,leclerc,16,LEC,Charles,Leclerc,10/16/1997,Monegasque,http://en.wikipedia.org/wiki/Charles_Leclerc
845,sirotkin,35,SIR,Sergey,Sirotkin,8/27/1995,Russian,http://en.wikipedia.org/wiki/Sergey_Sirotkin_(racing_driver)
846,norris,4,NOR,Lando,Norris,11/13/1999,British,http://en.wikipedia.org/wiki/Lando_Norris
847,russell,63,RUS,George,Russell,2/15/1998,British,http://en.wikipedia.org/wiki/George_Russell_%28racing_driver%29
848,albon,23,ALB,Alexander,Albon,3/23/1996,Thai,http://en.wikipedia.org/wiki/Alexander_Albon
849,latifi,6,LAT,Nicholas,Latifi,6/29/1995,Canadian,http://en.wikipedia.org/wiki/Nicholas_Latifi
850,pietro_fittipaldi,51,FIT,Pietro,Fittipaldi,6/25/1996,Brazilian,http://en.wikipedia.org/wiki/Pietro_Fittipaldi
851,aitken,89,AIT,Jack,Aitken,9/23/1995,British,http://en.wikipedia.org/wiki/Jack_Aitken
852,tsunoda,22,TSU,Yuki,Tsunoda,5/11/2000,Japanese,http://en.wikipedia.org/wiki/Yuki_Tsunoda
853,mazepin,9,MAZ,Nikita,Mazepin,3/2/1999,Russian,http://en.wikipedia.org/wiki/Nikita_Mazepin
854,mick_schumacher,47,MSC,Mick,Schumacher,3/22/1999,German,http://en.wikipedia.org/wiki/Mick_Schumacher
855,zhou,24,ZHO,Guanyu,Zhou,5/30/1999,Chinese,http://en.wikipedia.org/wiki/Guanyu_Zhou
856,de_vries,45,DEV,Nyck,de Vries,2/6/1995,Dutch,http://en.wikipedia.org/wiki/Nyck_de_Vries
